panel,mode,n,spearman_rho,p_value
H,donor_level,12,-0.2867132867132868,0.36625146058358227
H,figure_annotation,12,-0.2867132867132868,0.36625146058358227
J,donor_level,12,-0.6606225424502696,0.01935861825777152
J,figure_annotation,12,-0.6606225424502696,0.01935861825777152
J,weighted_by_n_germ,26810,-0.536020270072766,0.0
HK,uncoupling_normal_vs_azo_mwu,12,,0.0025252525252525255
