group,gene,n_cells,mean,median,q1,q3,min,max
Ctrl,CATSPER3,21351,0.14296493458639548,0.0,0.0,0.0,0.0,2.792738676071167
Ctrl,CCDC65,21351,0.310922183655089,0.0,0.0,0.0,0.0,3.068230152130127
Ctrl,DNAH8,21351,0.26390893431626844,0.0,0.0,0.0,0.0,3.7207536697387695
Ctrl,PIH1D3,21351,0.2837520230333451,0.0,0.0,0.0,0.0,3.7105417251586914
OA,CATSPER3,18119,0.31075115411333826,0.0,0.0,0.4849676042795181,0.0,2.828956842422486
OA,CCDC65,18119,0.6667825877222374,0.0,0.0,1.358185350894928,0.0,3.0547966957092285
OA,DNAH8,18119,0.33736605455632096,0.0,0.0,0.729394942522049,0.0,3.090221881866455
OA,PIH1D3,18119,0.40607172677082576,0.0,0.0,0.8845183849334717,0.0,3.176945686340332
