cell_type,group,gene,pct_expressed,mean_log1p,mean_raw_expr,n_cells
Round_spermatids,Ctrl,SLC16A1,20.618556701030926,0.182288954855338,0.30927835051546393,97
Round_spermatids,OA,SLC16A1,9.164292497625832,0.07021520563958196,0.10921177587844255,6318
Round_spermatids,AZFc_Del,SLC16A1,8.592425098925947,0.06538051027016507,0.10146975692481629,3538
Round_spermatids,KS,SLC16A1,17.562189054726367,0.14120058169391828,0.22786069651741295,2010
Round_spermatids,Ctrl,LDHB,37.11340206185567,0.383354069062527,0.7319587628865979,97
Round_spermatids,OA,LDHB,4.9224438113327,0.0372545822810146,0.057929724596391265,6318
Round_spermatids,AZFc_Del,LDHB,8.083663086489542,0.06637902922105594,0.11136235161107971,3538
Round_spermatids,KS,LDHB,11.343283582089553,0.10453753041977208,0.19651741293532338,2010
